"from:0,to:1,operator:identity from:1,to:2,operator:identity from:2,to:3,operator:identity from:3,to:4,operator:identity from:4,to:5,operator:identity "
"from:0,to:1,operator:identity from:1,to:2,operator:identity from:2,to:3,operator:identity from:3,to:4,operator:identity from:4,to:5,operator:identity "
"from:0,to:1,operator:identity from:1,to:2,operator:identity from:2,to:3,operator:identity from:3,to:4,operator:identity from:4,to:5,operator:identity "
"from:0,to:1,operator:identity from:1,to:2,operator:identity from:2,to:3,operator:identity from:3,to:4,operator:identity from:4,to:5,operator:identity "
"from:0,to:1,operator:identity from:1,to:2,operator:identity from:2,to:3,operator:identity from:3,to:4,operator:identity from:4,to:5,operator:identity "
"from:0,to:1,operator:identity from:1,to:2,operator:identity from:2,to:3,operator:identity from:3,to:4,operator:identity from:4,to:5,operator:identity "
"from:0,to:1,operator:identity from:1,to:2,operator:identity from:2,to:3,operator:identity from:3,to:4,operator:identity from:4,to:5,operator:identity "
"from:0,to:1,operator:identity from:1,to:2,operator:identity from:2,to:3,operator:identity from:3,to:4,operator:identity from:4,to:5,operator:identity "
"from:0,to:1,operator:identity from:1,to:2,operator:identity from:2,to:3,operator:identity from:3,to:4,operator:identity from:4,to:5,operator:identity "
"from:0,to:1,operator:identity from:1,to:2,operator:identity from:2,to:3,operator:identity from:3,to:4,operator:identity from:4,to:5,operator:identity "
"from:0,to:1,operator:identity from:1,to:2,operator:identity from:2,to:3,operator:identity from:3,to:4,operator:identity from:4,to:5,operator:identity "
"from:0,to:1,operator:identity from:1,to:2,operator:identity from:2,to:3,operator:identity from:3,to:4,operator:identity from:4,to:5,operator:identity "
"from:0,to:1,operator:identity from:1,to:2,operator:identity from:2,to:3,operator:identity from:3,to:4,operator:identity from:4,to:5,operator:identity "
"from:0,to:1,operator:identity from:1,to:2,operator:identity from:2,to:3,operator:identity from:3,to:4,operator:identity from:4,to:5,operator:identity "
"from:0,to:1,operator:identity from:1,to:2,operator:identity from:2,to:3,operator:identity from:3,to:4,operator:identity from:4,to:5,operator:identity "
"from:0,to:1,operator:identity from:1,to:2,operator:identity from:2,to:3,operator:identity from:3,to:4,operator:identity from:4,to:5,operator:identity "
"from:0,to:1,operator:identity from:1,to:2,operator:identity from:2,to:3,operator:identity from:3,to:4,operator:identity from:4,to:5,operator:identity "
"from:0,to:1,operator:identity from:1,to:2,operator:identity from:2,to:3,operator:identity from:3,to:4,operator:identity from:4,to:5,operator:identity "
"from:0,to:1,operator:identity from:1,to:2,operator:identity from:2,to:3,operator:identity from:3,to:4,operator:identity from:4,to:5,operator:identity "
"from:0,to:1,operator:identity from:1,to:2,operator:identity from:2,to:3,operator:identity from:3,to:4,operator:identity from:4,to:5,operator:identity "
"from:0,to:1,operator:identity from:1,to:2,operator:identity from:2,to:3,operator:identity from:3,to:4,operator:identity from:4,to:5,operator:identity "
"from:0,to:1,operator:identity from:1,to:2,operator:identity from:2,to:3,operator:identity from:3,to:4,operator:identity from:4,to:5,operator:identity "
"from:0,to:1,operator:identity from:1,to:2,operator:identity from:2,to:3,operator:identity from:3,to:4,operator:identity from:4,to:5,operator:identity "
"from:0,to:1,operator:identity from:1,to:2,operator:identity from:2,to:3,operator:identity from:3,to:4,operator:identity from:4,to:5,operator:identity "
"from:0,to:1,operator:identity from:1,to:2,operator:identity from:2,to:3,operator:identity from:3,to:4,operator:identity from:4,to:5,operator:identity "
"from:0,to:1,operator:identity from:1,to:2,operator:identity from:2,to:3,operator:identity from:3,to:4,operator:identity from:4,to:5,operator:identity "
"from:0,to:1,operator:identity from:1,to:2,operator:identity from:2,to:3,operator:identity from:3,to:4,operator:identity from:4,to:5,operator:identity "
"from:0,to:1,operator:identity from:1,to:2,operator:identity from:2,to:3,operator:identity from:3,to:4,operator:identity from:4,to:5,operator:identity "
"from:0,to:1,operator:identity from:1,to:2,operator:identity from:2,to:3,operator:identity from:3,to:4,operator:identity from:4,to:5,operator:identity "
"from:0,to:1,operator:identity from:1,to:2,operator:identity from:2,to:3,operator:identity from:3,to:4,operator:identity from:4,to:5,operator:identity "
"from:0,to:1,operator:identity from:1,to:2,operator:identity from:2,to:3,operator:identity from:3,to:4,operator:identity from:4,to:5,operator:identity "
"from:0,to:1,operator:identity from:1,to:2,operator:identity from:2,to:3,operator:identity from:3,to:4,operator:identity from:4,to:5,operator:identity "
"from:0,to:1,operator:identity from:1,to:2,operator:identity from:2,to:3,operator:identity from:3,to:4,operator:identity from:4,to:5,operator:identity "
"from:0,to:1,operator:identity from:1,to:2,operator:identity from:2,to:3,operator:identity from:3,to:4,operator:identity from:4,to:5,operator:identity "
"from:0,to:1,operator:identity from:1,to:2,operator:identity from:2,to:3,operator:identity from:3,to:4,operator:identity from:4,to:5,operator:identity "
"from:0,to:1,operator:identity from:1,to:2,operator:identity from:2,to:3,operator:identity from:3,to:4,operator:identity from:4,to:5,operator:identity "
"from:0,to:1,operator:identity from:1,to:2,operator:identity from:2,to:3,operator:identity from:3,to:4,operator:identity from:4,to:5,operator:identity "
"from:0,to:1,operator:identity from:1,to:2,operator:identity from:2,to:3,operator:identity from:3,to:4,operator:identity from:4,to:5,operator:identity "
"from:0,to:1,operator:identity from:1,to:2,operator:identity from:2,to:3,operator:identity from:3,to:4,operator:identity from:4,to:5,operator:identity "
"from:0,to:1,operator:identity from:1,to:2,operator:identity from:2,to:3,operator:identity from:3,to:4,operator:identity from:4,to:5,operator:identity "
"from:0,to:1,operator:identity from:1,to:2,operator:identity from:2,to:3,operator:identity from:3,to:4,operator:identity from:4,to:5,operator:identity "
"from:0,to:1,operator:identity from:1,to:2,operator:identity from:2,to:3,operator:identity from:3,to:4,operator:identity from:4,to:5,operator:identity "
"from:0,to:1,operator:identity from:1,to:2,operator:identity from:2,to:3,operator:identity from:3,to:4,operator:identity from:4,to:5,operator:identity "
"from:0,to:1,operator:identity from:1,to:2,operator:identity from:2,to:3,operator:identity from:3,to:4,operator:identity from:4,to:5,operator:identity "
"from:0,to:1,operator:identity from:1,to:2,operator:identity from:2,to:3,operator:identity from:3,to:4,operator:identity from:4,to:5,operator:identity "
"from:0,to:1,operator:identity from:1,to:2,operator:identity from:2,to:3,operator:identity from:3,to:4,operator:identity from:4,to:5,operator:identity "
"from:0,to:1,operator:identity from:1,to:2,operator:identity from:2,to:3,operator:identity from:3,to:4,operator:identity from:4,to:5,operator:identity "
"from:0,to:1,operator:identity from:1,to:2,operator:identity from:2,to:3,operator:identity from:3,to:4,operator:identity from:4,to:5,operator:identity "
"from:0,to:1,operator:identity from:1,to:2,operator:identity from:2,to:3,operator:identity from:3,to:4,operator:identity from:4,to:5,operator:identity "
"from:0,to:1,operator:identity from:1,to:2,operator:identity from:2,to:3,operator:identity from:3,to:4,operator:identity from:4,to:5,operator:identity "
"from:0,to:1,operator:identity from:1,to:2,operator:identity from:2,to:3,operator:identity from:3,to:4,operator:identity from:4,to:5,operator:identity "
"from:0,to:1,operator:identity from:1,to:2,operator:identity from:2,to:3,operator:identity from:3,to:4,operator:identity from:4,to:5,operator:identity "
"from:0,to:1,operator:identity from:1,to:2,operator:identity from:2,to:3,operator:identity from:3,to:4,operator:identity from:4,to:5,operator:identity "
"from:0,to:1,operator:identity from:1,to:2,operator:identity from:2,to:3,operator:identity from:3,to:4,operator:identity from:4,to:5,operator:identity "
"from:0,to:1,operator:identity from:1,to:2,operator:identity from:2,to:3,operator:identity from:3,to:4,operator:identity from:4,to:5,operator:identity "
"from:0,to:1,operator:identity from:1,to:2,operator:identity from:2,to:3,operator:identity from:3,to:4,operator:identity from:4,to:5,operator:identity "
"from:0,to:1,operator:identity from:1,to:2,operator:identity from:2,to:3,operator:identity from:3,to:4,operator:identity from:4,to:5,operator:identity "
"from:0,to:1,operator:identity from:1,to:2,operator:identity from:2,to:3,operator:identity from:3,to:4,operator:identity from:4,to:5,operator:identity "
"from:0,to:1,operator:identity from:1,to:2,operator:identity from:2,to:3,operator:identity from:3,to:4,operator:identity from:4,to:5,operator:identity "
"from:0,to:1,operator:identity from:1,to:2,operator:identity from:2,to:3,operator:identity from:3,to:4,operator:identity from:4,to:5,operator:identity "
"from:0,to:1,operator:identity from:1,to:2,operator:identity from:2,to:3,operator:identity from:3,to:4,operator:identity from:4,to:5,operator:identity "
"from:0,to:1,operator:identity from:1,to:2,operator:identity from:2,to:3,operator:identity from:3,to:4,operator:identity from:4,to:5,operator:identity "
"from:0,to:1,operator:identity from:1,to:2,operator:identity from:2,to:3,operator:identity from:3,to:4,operator:identity from:4,to:5,operator:identity "
"from:0,to:1,operator:identity from:1,to:2,operator:identity from:2,to:3,operator:identity from:3,to:4,operator:identity from:4,to:5,operator:identity "
"from:0,to:1,operator:identity from:1,to:2,operator:identity from:2,to:3,operator:identity from:3,to:4,operator:identity from:4,to:5,operator:identity "
"from:0,to:1,operator:identity from:1,to:2,operator:identity from:2,to:3,operator:identity from:3,to:4,operator:identity from:4,to:5,operator:identity "
"from:0,to:1,operator:identity from:1,to:2,operator:identity from:2,to:3,operator:identity from:3,to:4,operator:identity from:4,to:5,operator:identity "
"from:0,to:1,operator:identity from:1,to:2,operator:identity from:2,to:3,operator:identity from:3,to:4,operator:identity from:4,to:5,operator:identity "
"from:0,to:1,operator:identity from:1,to:2,operator:identity from:2,to:3,operator:identity from:3,to:4,operator:identity from:4,to:5,operator:identity "
"from:0,to:1,operator:identity from:1,to:2,operator:identity from:2,to:3,operator:identity from:3,to:4,operator:identity from:4,to:5,operator:identity "
"from:0,to:1,operator:identity from:1,to:2,operator:identity from:2,to:3,operator:identity from:3,to:4,operator:identity from:4,to:5,operator:identity "
"from:0,to:1,operator:identity from:1,to:2,operator:identity from:2,to:3,operator:identity from:3,to:4,operator:identity from:4,to:5,operator:identity "
"from:0,to:1,operator:identity from:1,to:2,operator:identity from:2,to:3,operator:identity from:3,to:4,operator:identity from:4,to:5,operator:identity "
"from:0,to:1,operator:identity from:1,to:2,operator:identity from:2,to:3,operator:identity from:3,to:4,operator:identity from:4,to:5,operator:identity "
"from:0,to:1,operator:identity from:1,to:2,operator:identity from:2,to:3,operator:identity from:3,to:4,operator:identity from:4,to:5,operator:identity "
"from:0,to:1,operator:identity from:1,to:2,operator:identity from:2,to:3,operator:identity from:3,to:4,operator:identity from:4,to:5,operator:ELU from:5,to:6,operator:identity "
"from:0,to:1,operator:identity from:1,to:2,operator:identity from:2,to:3,operator:identity from:3,to:4,operator:identity from:4,to:5,operator:ELU from:5,to:6,operator:identity "
"from:0,to:1,operator:identity from:1,to:2,operator:identity from:2,to:3,operator:identity from:3,to:4,operator:identity from:4,to:5,operator:ELU from:5,to:6,operator:identity "
"from:0,to:1,operator:identity from:1,to:2,operator:identity from:2,to:3,operator:identity from:3,to:4,operator:identity from:4,to:5,operator:ELU from:5,to:6,operator:identity "
"from:0,to:1,operator:identity from:1,to:2,operator:identity from:2,to:3,operator:identity from:3,to:4,operator:identity from:4,to:5,operator:ELU from:5,to:6,operator:identity "
"from:0,to:1,operator:identity from:1,to:2,operator:identity from:2,to:3,operator:identity from:3,to:4,operator:identity from:4,to:5,operator:ELU from:5,to:6,operator:identity "
"from:0,to:1,operator:identity from:1,to:2,operator:identity from:2,to:3,operator:identity from:3,to:4,operator:identity from:4,to:5,operator:ELU from:5,to:6,operator:identity "
"from:0,to:1,operator:identity from:1,to:2,operator:identity from:2,to:3,operator:identity from:3,to:4,operator:identity from:4,to:5,operator:ELU from:5,to:6,operator:identity "
"from:0,to:1,operator:identity from:1,to:2,operator:identity from:2,to:3,operator:identity from:3,to:4,operator:identity from:4,to:5,operator:ELU from:5,to:6,operator:identity "
"from:0,to:1,operator:identity from:1,to:2,operator:identity from:2,to:3,operator:identity from:3,to:4,operator:identity from:4,to:5,operator:ELU from:5,to:6,operator:identity "
"from:0,to:1,operator:identity from:1,to:2,operator:identity from:2,to:3,operator:identity from:3,to:4,operator:identity from:4,to:5,operator:ELU from:5,to:6,operator:identity "
"from:0,to:1,operator:identity from:1,to:2,operator:identity from:2,to:3,operator:identity from:3,to:4,operator:identity from:4,to:5,operator:ELU from:5,to:6,operator:identity "
"from:0,to:1,operator:identity from:1,to:2,operator:identity from:2,to:3,operator:identity from:3,to:4,operator:identity from:4,to:5,operator:ELU from:5,to:6,operator:identity "
"from:0,to:1,operator:identity from:1,to:2,operator:identity from:2,to:3,operator:identity from:3,to:4,operator:identity from:4,to:5,operator:ELU from:5,to:6,operator:identity "
"from:0,to:1,operator:identity from:1,to:2,operator:identity from:2,to:3,operator:identity from:3,to:4,operator:identity from:4,to:5,operator:ELU from:5,to:6,operator:identity "
"from:0,to:1,operator:identity from:1,to:2,operator:identity from:2,to:3,operator:identity from:3,to:4,operator:identity from:4,to:5,operator:ELU from:5,to:6,operator:identity "
"from:0,to:1,operator:identity from:1,to:2,operator:identity from:2,to:3,operator:identity from:3,to:4,operator:identity from:4,to:5,operator:ELU from:5,to:6,operator:identity "
"from:0,to:1,operator:identity from:1,to:2,operator:identity from:2,to:3,operator:identity from:3,to:4,operator:identity from:4,to:5,operator:ELU from:5,to:6,operator:identity "
"from:0,to:1,operator:identity from:1,to:2,operator:identity from:2,to:3,operator:identity from:3,to:4,operator:identity from:4,to:5,operator:ELU from:5,to:6,operator:identity "
"from:0,to:1,operator:identity from:1,to:2,operator:identity from:2,to:3,operator:identity from:3,to:4,operator:identity from:4,to:5,operator:ELU from:5,to:6,operator:identity "
"from:0,to:1,operator:identity from:1,to:2,operator:identity from:2,to:3,operator:identity from:3,to:4,operator:identity from:4,to:5,operator:ELU from:5,to:6,operator:identity "
"from:0,to:1,operator:identity from:1,to:2,operator:identity from:2,to:3,operator:identity from:3,to:4,operator:identity from:4,to:5,operator:ELU from:5,to:6,operator:identity "
"from:0,to:1,operator:identity from:1,to:2,operator:identity from:2,to:3,operator:identity from:3,to:4,operator:identity from:4,to:5,operator:ELU from:5,to:6,operator:identity "
"from:0,to:1,operator:identity from:1,to:2,operator:identity from:2,to:3,operator:identity from:3,to:4,operator:identity from:4,to:5,operator:ELU from:5,to:6,operator:identity "
"from:0,to:1,operator:identity from:1,to:2,operator:identity from:2,to:3,operator:identity from:3,to:4,operator:identity from:4,to:5,operator:ELU from:5,to:6,operator:identity "
"from:0,to:1,operator:identity from:1,to:2,operator:identity from:2,to:3,operator:identity from:3,to:4,operator:identity from:4,to:5,operator:ELU from:5,to:6,operator:identity "
"from:0,to:1,operator:identity from:1,to:2,operator:identity from:2,to:3,operator:identity from:3,to:4,operator:identity from:4,to:5,operator:ELU from:5,to:6,operator:identity "
"from:0,to:1,operator:identity from:1,to:2,operator:identity from:2,to:3,operator:identity from:3,to:4,operator:identity from:4,to:5,operator:ELU from:5,to:6,operator:identity "
"from:0,to:1,operator:identity from:1,to:2,operator:identity from:2,to:3,operator:identity from:3,to:4,operator:identity from:4,to:5,operator:ELU from:5,to:6,operator:identity "
"from:0,to:1,operator:identity from:1,to:2,operator:identity from:2,to:3,operator:identity from:3,to:4,operator:identity from:4,to:5,operator:ELU from:5,to:6,operator:identity "
"from:0,to:1,operator:identity from:1,to:2,operator:identity from:2,to:3,operator:identity from:3,to:4,operator:identity from:4,to:5,operator:ELU from:5,to:6,operator:identity "
"from:0,to:1,operator:identity from:1,to:2,operator:identity from:2,to:3,operator:identity from:3,to:4,operator:identity from:4,to:5,operator:ELU from:5,to:6,operator:identity "
"from:0,to:1,operator:identity from:1,to:2,operator:identity from:2,to:3,operator:identity from:3,to:4,operator:identity from:4,to:5,operator:ELU from:5,to:6,operator:identity "
"from:0,to:1,operator:identity from:1,to:2,operator:identity from:2,to:3,operator:identity from:3,to:4,operator:identity from:4,to:5,operator:ELU from:5,to:6,operator:identity "
"from:0,to:1,operator:identity from:1,to:2,operator:identity from:2,to:3,operator:identity from:3,to:4,operator:identity from:4,to:5,operator:ELU from:5,to:6,operator:identity "
"from:0,to:1,operator:identity from:1,to:2,operator:identity from:2,to:3,operator:identity from:3,to:4,operator:identity from:4,to:5,operator:ELU from:5,to:6,operator:identity "
"from:0,to:1,operator:identity from:1,to:2,operator:identity from:2,to:3,operator:identity from:3,to:4,operator:identity from:4,to:5,operator:ELU from:5,to:6,operator:identity "
"from:0,to:1,operator:identity from:1,to:2,operator:identity from:2,to:3,operator:identity from:3,to:4,operator:identity from:4,to:5,operator:ELU from:5,to:6,operator:identity "
"from:0,to:1,operator:identity from:1,to:2,operator:identity from:2,to:3,operator:identity from:3,to:4,operator:identity from:4,to:5,operator:ELU from:5,to:6,operator:identity "
"from:0,to:1,operator:identity from:1,to:2,operator:identity from:2,to:3,operator:identity from:3,to:4,operator:identity from:4,to:5,operator:ELU from:5,to:6,operator:identity "
"from:0,to:1,operator:identity from:1,to:2,operator:identity from:2,to:3,operator:identity from:3,to:4,operator:identity from:4,to:5,operator:ELU from:5,to:6,operator:identity "
"from:0,to:1,operator:identity from:1,to:2,operator:identity from:2,to:3,operator:identity from:3,to:4,operator:identity from:4,to:5,operator:ELU from:5,to:6,operator:identity "
"from:0,to:1,operator:identity from:1,to:2,operator:identity from:2,to:3,operator:identity from:3,to:4,operator:identity from:4,to:5,operator:ELU from:5,to:6,operator:identity "
"from:0,to:1,operator:identity from:1,to:2,operator:identity from:2,to:3,operator:identity from:3,to:4,operator:identity from:4,to:5,operator:ELU from:5,to:6,operator:identity "
"from:0,to:1,operator:identity from:1,to:2,operator:identity from:2,to:3,operator:identity from:3,to:4,operator:identity from:4,to:5,operator:ELU from:5,to:6,operator:identity "
"from:0,to:1,operator:identity from:1,to:2,operator:identity from:2,to:3,operator:identity from:3,to:4,operator:identity from:4,to:5,operator:ELU from:5,to:6,operator:identity "
"from:0,to:1,operator:identity from:1,to:2,operator:identity from:2,to:3,operator:identity from:3,to:4,operator:identity from:4,to:5,operator:ELU from:5,to:6,operator:identity "
"from:0,to:1,operator:identity from:1,to:2,operator:identity from:2,to:3,operator:identity from:3,to:4,operator:identity from:4,to:5,operator:ELU from:5,to:6,operator:identity "
"from:0,to:1,operator:identity from:1,to:2,operator:identity from:2,to:3,operator:identity from:3,to:4,operator:identity from:4,to:5,operator:ELU from:5,to:6,operator:identity "
"from:0,to:1,operator:identity from:1,to:2,operator:identity from:2,to:3,operator:identity from:3,to:4,operator:identity from:4,to:5,operator:ELU from:5,to:6,operator:identity "
"from:0,to:1,operator:identity from:1,to:2,operator:identity from:2,to:3,operator:identity from:3,to:4,operator:identity from:4,to:5,operator:ELU from:5,to:6,operator:identity "
"from:0,to:1,operator:identity from:1,to:2,operator:identity from:2,to:3,operator:identity from:3,to:4,operator:identity from:4,to:5,operator:ELU from:5,to:6,operator:identity "
"from:0,to:1,operator:identity from:1,to:2,operator:identity from:2,to:3,operator:identity from:3,to:4,operator:identity from:4,to:5,operator:ELU from:5,to:6,operator:identity "
"from:0,to:1,operator:identity from:1,to:2,operator:identity from:2,to:3,operator:identity from:3,to:4,operator:identity from:4,to:5,operator:ELU from:5,to:6,operator:identity "
"from:0,to:1,operator:identity from:1,to:2,operator:identity from:2,to:3,operator:identity from:3,to:4,operator:identity from:4,to:5,operator:identity from:5,to:6,operator:identity "
"from:0,to:1,operator:identity from:1,to:2,operator:identity from:2,to:3,operator:identity from:3,to:4,operator:identity from:4,to:5,operator:identity from:5,to:6,operator:identity "
"from:0,to:1,operator:identity from:1,to:2,operator:identity from:2,to:3,operator:identity from:3,to:4,operator:identity from:4,to:5,operator:identity from:5,to:6,operator:identity "
"from:0,to:1,operator:identity from:1,to:2,operator:identity from:2,to:3,operator:identity from:3,to:4,operator:identity from:4,to:5,operator:identity from:5,to:6,operator:identity "
"from:0,to:1,operator:identity from:1,to:2,operator:identity from:2,to:3,operator:identity from:3,to:4,operator:identity from:4,to:5,operator:identity from:5,to:6,operator:identity "
"from:0,to:1,operator:identity from:1,to:2,operator:identity from:2,to:3,operator:identity from:3,to:4,operator:identity from:4,to:5,operator:identity from:5,to:6,operator:identity "
"from:0,to:1,operator:identity from:1,to:2,operator:identity from:2,to:3,operator:identity from:3,to:4,operator:identity from:4,to:5,operator:identity from:5,to:6,operator:identity "
"from:0,to:1,operator:identity from:1,to:2,operator:identity from:2,to:3,operator:identity from:3,to:4,operator:identity from:4,to:5,operator:identity from:5,to:6,operator:identity "
"from:0,to:1,operator:identity from:1,to:2,operator:identity from:2,to:3,operator:identity from:3,to:4,operator:identity from:4,to:5,operator:identity from:5,to:6,operator:identity "
"from:0,to:1,operator:identity from:1,to:2,operator:identity from:2,to:3,operator:identity from:3,to:4,operator:identity from:4,to:5,operator:identity from:5,to:6,operator:identity "
"from:0,to:1,operator:identity from:1,to:2,operator:identity from:2,to:3,operator:identity from:3,to:4,operator:identity from:4,to:5,operator:identity from:5,to:6,operator:identity "
"from:0,to:1,operator:identity from:1,to:2,operator:identity from:2,to:3,operator:identity from:3,to:4,operator:identity from:4,to:5,operator:identity from:5,to:6,operator:identity "
"from:0,to:1,operator:identity from:1,to:2,operator:identity from:2,to:3,operator:identity from:3,to:4,operator:identity from:4,to:5,operator:identity from:5,to:6,operator:identity "
"from:0,to:1,operator:identity from:1,to:2,operator:identity from:2,to:3,operator:identity from:3,to:4,operator:identity from:4,to:5,operator:identity from:5,to:6,operator:identity "
"from:0,to:1,operator:identity from:1,to:2,operator:identity from:2,to:3,operator:identity from:3,to:4,operator:identity from:4,to:5,operator:identity from:5,to:6,operator:identity "
"from:0,to:1,operator:identity from:1,to:2,operator:identity from:2,to:3,operator:identity from:3,to:4,operator:identity from:4,to:5,operator:identity from:5,to:6,operator:identity "
"from:0,to:1,operator:identity from:1,to:2,operator:identity from:2,to:3,operator:identity from:3,to:4,operator:identity from:4,to:5,operator:identity from:5,to:6,operator:identity "
"from:0,to:1,operator:identity from:1,to:2,operator:identity from:2,to:3,operator:identity from:3,to:4,operator:identity from:4,to:5,operator:identity from:5,to:6,operator:identity "
"from:0,to:1,operator:identity from:1,to:2,operator:identity from:2,to:3,operator:identity from:3,to:4,operator:identity from:4,to:5,operator:identity from:5,to:6,operator:identity "
"from:0,to:1,operator:identity from:1,to:2,operator:identity from:2,to:3,operator:identity from:3,to:4,operator:identity from:4,to:5,operator:identity from:5,to:6,operator:identity "
"from:0,to:1,operator:identity from:1,to:2,operator:identity from:2,to:3,operator:identity from:3,to:4,operator:identity from:4,to:5,operator:identity "
"from:0,to:1,operator:identity from:1,to:2,operator:identity from:2,to:3,operator:identity from:3,to:4,operator:identity from:4,to:5,operator:identity "
"from:0,to:1,operator:identity from:1,to:2,operator:identity from:2,to:3,operator:identity from:3,to:4,operator:identity from:4,to:5,operator:identity "
"from:0,to:1,operator:identity from:1,to:2,operator:identity from:2,to:3,operator:identity from:3,to:4,operator:identity from:4,to:5,operator:identity "
"from:0,to:1,operator:identity from:1,to:2,operator:identity from:2,to:3,operator:identity from:3,to:4,operator:identity from:4,to:5,operator:identity "
"from:0,to:1,operator:identity from:1,to:2,operator:identity from:2,to:3,operator:identity from:3,to:4,operator:identity from:4,to:5,operator:identity "
"from:0,to:1,operator:identity from:1,to:2,operator:identity from:2,to:3,operator:identity from:3,to:4,operator:identity from:4,to:5,operator:identity "
"from:0,to:1,operator:identity from:1,to:2,operator:identity from:2,to:3,operator:identity from:3,to:4,operator:identity from:4,to:5,operator:identity "
"from:0,to:1,operator:identity from:1,to:2,operator:identity from:2,to:3,operator:identity from:3,to:4,operator:identity from:4,to:5,operator:identity "
"from:0,to:1,operator:identity from:1,to:2,operator:identity from:2,to:3,operator:identity from:3,to:4,operator:identity from:4,to:5,operator:identity "
"from:0,to:1,operator:identity from:1,to:2,operator:identity from:2,to:3,operator:identity from:3,to:4,operator:identity from:4,to:5,operator:identity "
"from:0,to:1,operator:identity from:1,to:2,operator:identity from:2,to:3,operator:identity from:3,to:4,operator:identity from:4,to:5,operator:identity "
"from:0,to:1,operator:identity from:1,to:2,operator:identity from:2,to:3,operator:identity from:3,to:4,operator:identity from:4,to:5,operator:identity "
"from:0,to:1,operator:identity from:1,to:2,operator:identity from:2,to:3,operator:identity from:3,to:4,operator:identity from:4,to:5,operator:identity "
"from:0,to:1,operator:identity from:1,to:2,operator:identity from:2,to:3,operator:identity from:3,to:4,operator:identity from:4,to:5,operator:identity "
"from:0,to:1,operator:identity from:1,to:2,operator:identity from:2,to:3,operator:identity from:3,to:4,operator:identity from:4,to:5,operator:identity "
"from:0,to:1,operator:identity from:1,to:2,operator:identity from:2,to:3,operator:identity from:3,to:4,operator:identity from:4,to:5,operator:identity "
"from:0,to:1,operator:identity from:1,to:2,operator:identity from:2,to:3,operator:identity from:3,to:4,operator:identity from:4,to:5,operator:identity "
"from:0,to:1,operator:identity from:1,to:2,operator:identity from:2,to:3,operator:identity from:3,to:4,operator:identity from:4,to:5,operator:identity "
"from:0,to:1,operator:identity from:1,to:2,operator:identity from:2,to:3,operator:identity from:3,to:4,operator:identity from:4,to:5,operator:identity from:5,to:6,operator:identity "
"from:0,to:1,operator:identity from:1,to:2,operator:identity from:2,to:3,operator:identity from:3,to:4,operator:identity from:4,to:5,operator:identity from:5,to:6,operator:identity "
"from:0,to:1,operator:identity from:1,to:2,operator:identity from:2,to:3,operator:identity from:3,to:4,operator:identity from:4,to:5,operator:identity from:5,to:6,operator:identity "
"from:0,to:1,operator:identity from:1,to:2,operator:identity from:2,to:3,operator:identity from:3,to:4,operator:identity from:4,to:5,operator:identity from:5,to:6,operator:identity "
"from:0,to:1,operator:identity from:1,to:2,operator:identity from:2,to:3,operator:identity from:3,to:4,operator:identity from:4,to:5,operator:identity from:5,to:6,operator:identity "
"from:0,to:1,operator:identity from:1,to:2,operator:identity from:2,to:3,operator:identity from:3,to:4,operator:identity from:4,to:5,operator:identity from:5,to:6,operator:identity "
"from:0,to:1,operator:identity from:1,to:2,operator:identity from:2,to:3,operator:identity from:3,to:4,operator:identity from:4,to:5,operator:identity from:5,to:6,operator:identity "
"from:0,to:1,operator:identity from:1,to:2,operator:identity from:2,to:3,operator:identity from:3,to:4,operator:identity from:4,to:5,operator:identity from:5,to:6,operator:identity "
"from:0,to:1,operator:identity from:1,to:2,operator:identity from:2,to:3,operator:identity from:3,to:4,operator:identity from:4,to:5,operator:identity from:5,to:6,operator:identity "
"from:0,to:1,operator:identity from:1,to:2,operator:identity from:2,to:3,operator:identity from:3,to:4,operator:identity from:4,to:5,operator:identity from:5,to:6,operator:identity "
"from:0,to:1,operator:identity from:1,to:2,operator:identity from:2,to:3,operator:identity from:3,to:4,operator:identity from:4,to:5,operator:identity from:5,to:6,operator:identity "
"from:0,to:1,operator:identity from:1,to:2,operator:identity from:2,to:3,operator:identity from:3,to:4,operator:identity from:4,to:5,operator:identity from:5,to:6,operator:identity "
"from:0,to:1,operator:identity from:1,to:2,operator:identity from:2,to:3,operator:identity from:3,to:4,operator:identity from:4,to:5,operator:identity from:5,to:6,operator:identity "
"from:0,to:1,operator:identity from:1,to:2,operator:identity from:2,to:3,operator:identity from:3,to:4,operator:identity from:4,to:5,operator:identity from:5,to:6,operator:identity "
"from:0,to:1,operator:identity from:1,to:2,operator:identity from:2,to:3,operator:identity from:3,to:4,operator:identity from:4,to:5,operator:identity from:5,to:6,operator:identity "
"from:0,to:1,operator:identity from:1,to:2,operator:identity from:2,to:3,operator:identity from:3,to:4,operator:identity from:4,to:5,operator:identity from:5,to:6,operator:identity "
"from:0,to:1,operator:identity from:1,to:2,operator:identity from:2,to:3,operator:identity from:3,to:4,operator:identity from:4,to:5,operator:identity from:5,to:6,operator:identity "
"from:0,to:1,operator:identity from:1,to:2,operator:identity from:2,to:3,operator:identity from:3,to:4,operator:identity from:4,to:5,operator:identity from:5,to:6,operator:identity "
"from:0,to:1,operator:identity from:1,to:2,operator:identity from:2,to:3,operator:identity from:3,to:4,operator:identity from:4,to:5,operator:identity from:5,to:6,operator:identity "
"from:0,to:1,operator:identity from:1,to:2,operator:identity from:2,to:3,operator:identity from:3,to:4,operator:identity from:4,to:5,operator:identity from:5,to:6,operator:identity "
"from:0,to:1,operator:identity from:1,to:2,operator:identity from:2,to:3,operator:identity from:3,to:4,operator:identity from:4,to:5,operator:identity from:5,to:6,operator:identity "
"from:0,to:1,operator:identity from:1,to:2,operator:identity from:2,to:3,operator:identity from:3,to:4,operator:identity from:4,to:5,operator:identity from:5,to:6,operator:identity "
"from:0,to:1,operator:identity from:1,to:2,operator:identity from:2,to:3,operator:identity from:3,to:4,operator:identity from:4,to:5,operator:identity from:5,to:6,operator:identity "
"from:0,to:1,operator:identity from:1,to:2,operator:identity from:2,to:3,operator:identity from:3,to:4,operator:identity from:4,to:5,operator:identity from:5,to:6,operator:identity "
"from:0,to:1,operator:identity from:1,to:2,operator:identity from:2,to:3,operator:identity from:3,to:4,operator:identity from:4,to:5,operator:identity from:5,to:6,operator:identity "
"from:0,to:1,operator:identity from:1,to:2,operator:identity from:2,to:3,operator:identity from:3,to:4,operator:identity from:4,to:5,operator:identity from:5,to:6,operator:identity "
"from:0,to:1,operator:identity from:1,to:2,operator:identity from:2,to:3,operator:identity from:3,to:4,operator:identity from:4,to:5,operator:identity from:5,to:6,operator:identity "
"from:0,to:1,operator:identity from:1,to:2,operator:identity from:2,to:3,operator:identity from:3,to:4,operator:identity from:4,to:5,operator:identity from:5,to:6,operator:identity "
"from:0,to:1,operator:identity from:1,to:2,operator:identity from:2,to:3,operator:identity from:3,to:4,operator:identity from:4,to:5,operator:identity from:5,to:6,operator:identity "
"from:0,to:1,operator:identity from:1,to:2,operator:identity from:2,to:3,operator:identity from:3,to:4,operator:identity from:4,to:5,operator:identity from:5,to:6,operator:identity "
"from:0,to:1,operator:identity from:1,to:2,operator:identity from:2,to:3,operator:identity from:3,to:4,operator:identity from:4,to:5,operator:identity from:5,to:6,operator:identity "
"from:0,to:1,operator:identity from:1,to:2,operator:identity from:2,to:3,operator:identity from:3,to:4,operator:identity from:4,to:5,operator:identity from:5,to:6,operator:identity "
"from:0,to:1,operator:identity from:1,to:2,operator:identity from:2,to:3,operator:identity from:3,to:4,operator:identity from:4,to:5,operator:identity from:5,to:6,operator:identity "
"from:0,to:1,operator:identity from:1,to:2,operator:identity from:2,to:3,operator:identity from:3,to:4,operator:identity "
"from:0,to:1,operator:identity from:1,to:2,operator:identity from:2,to:3,operator:identity from:3,to:4,operator:identity "
"from:0,to:1,operator:identity from:1,to:2,operator:identity from:2,to:3,operator:identity from:3,to:4,operator:identity "
"from:0,to:1,operator:identity from:1,to:2,operator:identity from:2,to:3,operator:identity from:3,to:4,operator:identity "
"from:0,to:1,operator:identity from:1,to:2,operator:identity from:2,to:3,operator:identity from:3,to:4,operator:identity "
"from:0,to:1,operator:identity from:1,to:2,operator:identity from:2,to:3,operator:identity from:3,to:4,operator:identity "
"from:0,to:1,operator:identity from:1,to:2,operator:identity from:2,to:3,operator:identity from:3,to:4,operator:identity "
"from:0,to:1,operator:identity from:1,to:2,operator:identity from:2,to:3,operator:identity from:3,to:4,operator:identity "
"from:0,to:1,operator:identity from:1,to:2,operator:identity from:2,to:3,operator:identity from:3,to:4,operator:identity "
"from:0,to:1,operator:identity from:1,to:2,operator:identity from:2,to:3,operator:identity from:3,to:4,operator:identity "
"from:0,to:1,operator:identity from:1,to:2,operator:identity from:2,to:3,operator:identity from:3,to:4,operator:identity "
"from:0,to:1,operator:identity from:1,to:2,operator:identity from:2,to:3,operator:identity from:3,to:4,operator:identity "
"from:0,to:1,operator:identity from:1,to:2,operator:identity from:2,to:3,operator:identity from:3,to:4,operator:identity "
"from:0,to:1,operator:identity from:1,to:2,operator:identity from:2,to:3,operator:identity from:3,to:4,operator:identity "
"from:0,to:1,operator:identity from:1,to:2,operator:identity from:2,to:3,operator:identity from:3,to:4,operator:identity "
"from:0,to:1,operator:identity from:1,to:2,operator:identity from:2,to:3,operator:identity from:3,to:4,operator:identity "
"from:0,to:1,operator:identity from:1,to:2,operator:identity from:2,to:3,operator:identity from:3,to:4,operator:identity "
"from:0,to:1,operator:identity from:1,to:2,operator:identity from:2,to:3,operator:identity from:3,to:4,operator:identity "
"from:0,to:1,operator:identity from:1,to:2,operator:identity from:2,to:3,operator:identity from:3,to:4,operator:identity "
"from:0,to:1,operator:identity from:1,to:2,operator:identity from:2,to:3,operator:identity from:3,to:4,operator:identity "
"from:0,to:1,operator:identity from:1,to:2,operator:identity from:2,to:3,operator:identity from:3,to:4,operator:identity "
"from:0,to:1,operator:identity from:1,to:2,operator:identity from:2,to:3,operator:identity from:3,to:4,operator:identity "
"from:0,to:1,operator:identity from:1,to:2,operator:identity from:2,to:3,operator:identity from:3,to:4,operator:identity "
"from:0,to:1,operator:identity from:1,to:2,operator:identity from:2,to:3,operator:identity from:3,to:4,operator:identity "
"from:0,to:1,operator:identity from:1,to:2,operator:identity from:2,to:3,operator:identity from:3,to:4,operator:identity "
"from:0,to:1,operator:identity from:1,to:2,operator:identity from:2,to:3,operator:identity from:3,to:4,operator:identity "
"from:0,to:1,operator:identity from:1,to:2,operator:identity from:2,to:3,operator:identity from:3,to:4,operator:identity "
"from:0,to:1,operator:identity from:1,to:2,operator:identity from:2,to:3,operator:identity from:3,to:4,operator:identity "
"from:0,to:1,operator:identity from:1,to:2,operator:identity from:2,to:3,operator:identity from:3,to:4,operator:identity "
"from:0,to:1,operator:identity from:1,to:2,operator:identity from:2,to:3,operator:identity from:3,to:4,operator:identity "
"from:0,to:1,operator:identity from:1,to:2,operator:identity from:2,to:3,operator:identity from:3,to:4,operator:identity "
"from:0,to:1,operator:identity from:1,to:2,operator:identity from:2,to:3,operator:identity from:3,to:4,operator:identity "
"from:0,to:1,operator:identity from:1,to:2,operator:identity from:2,to:3,operator:identity from:3,to:4,operator:identity "
"from:0,to:1,operator:identity from:1,to:2,operator:identity from:2,to:3,operator:identity from:3,to:4,operator:identity "
"from:0,to:1,operator:identity from:1,to:2,operator:identity from:2,to:3,operator:identity from:3,to:4,operator:identity "
"from:0,to:1,operator:identity from:1,to:2,operator:identity from:2,to:3,operator:identity from:3,to:4,operator:identity "
"from:0,to:1,operator:identity from:1,to:2,operator:identity from:2,to:3,operator:identity from:3,to:4,operator:identity "
"from:0,to:1,operator:identity from:1,to:2,operator:identity from:2,to:3,operator:identity from:3,to:4,operator:identity "
"from:0,to:1,operator:identity from:1,to:2,operator:identity from:2,to:3,operator:identity from:3,to:4,operator:identity "
"from:0,to:1,operator:identity from:1,to:2,operator:identity from:2,to:3,operator:identity from:3,to:4,operator:identity "
"from:0,to:1,operator:identity from:1,to:2,operator:identity from:2,to:3,operator:identity from:3,to:4,operator:identity "
"from:0,to:1,operator:identity from:1,to:2,operator:identity from:2,to:3,operator:identity from:3,to:4,operator:identity "
"from:0,to:1,operator:identity from:1,to:2,operator:identity from:2,to:3,operator:identity from:3,to:4,operator:identity "
"from:0,to:1,operator:identity from:1,to:2,operator:identity from:2,to:3,operator:identity from:3,to:4,operator:identity "
"from:0,to:1,operator:identity from:1,to:2,operator:identity from:2,to:3,operator:identity from:3,to:4,operator:identity "
"from:0,to:1,operator:identity from:1,to:2,operator:identity from:2,to:3,operator:identity from:3,to:4,operator:identity "
"from:0,to:1,operator:identity from:1,to:2,operator:identity from:2,to:3,operator:identity from:3,to:4,operator:identity "
"from:0,to:1,operator:identity from:1,to:2,operator:identity from:2,to:3,operator:identity from:3,to:4,operator:identity "
"from:0,to:1,operator:identity from:1,to:2,operator:identity from:2,to:3,operator:identity from:3,to:4,operator:identity "
"from:0,to:1,operator:identity from:1,to:2,operator:identity from:2,to:3,operator:identity from:3,to:4,operator:identity "
"from:0,to:1,operator:identity from:1,to:2,operator:identity from:2,to:3,operator:identity from:3,to:4,operator:identity "
"from:0,to:1,operator:identity from:1,to:2,operator:identity from:2,to:3,operator:identity from:3,to:4,operator:identity "
"from:0,to:1,operator:identity from:1,to:2,operator:identity from:2,to:3,operator:identity from:3,to:4,operator:identity "
"from:0,to:1,operator:identity from:1,to:2,operator:identity from:2,to:3,operator:identity from:3,to:4,operator:identity "
"from:0,to:1,operator:identity from:1,to:2,operator:identity from:2,to:3,operator:identity from:3,to:4,operator:identity "
"from:0,to:1,operator:identity from:1,to:2,operator:identity from:2,to:3,operator:identity from:3,to:4,operator:identity "
"from:0,to:1,operator:identity from:1,to:2,operator:identity from:2,to:3,operator:identity from:3,to:4,operator:identity "
"from:0,to:1,operator:identity from:1,to:2,operator:identity from:2,to:3,operator:identity from:3,to:4,operator:identity "
"from:0,to:1,operator:identity from:1,to:2,operator:identity from:2,to:3,operator:identity from:3,to:4,operator:identity "
"from:0,to:1,operator:identity from:1,to:2,operator:identity from:2,to:3,operator:identity from:3,to:4,operator:identity "
"from:0,to:1,operator:identity from:1,to:2,operator:identity from:2,to:3,operator:identity from:3,to:4,operator:identity "
"from:0,to:1,operator:identity from:1,to:2,operator:identity from:2,to:3,operator:identity from:3,to:4,operator:identity "
"from:0,to:1,operator:identity from:1,to:2,operator:identity from:2,to:3,operator:identity from:3,to:4,operator:identity "
"from:0,to:1,operator:identity from:1,to:2,operator:identity from:2,to:3,operator:identity from:3,to:4,operator:identity "
"from:0,to:1,operator:identity from:1,to:2,operator:identity from:2,to:3,operator:identity from:3,to:4,operator:identity "
"from:0,to:1,operator:identity from:1,to:2,operator:identity from:2,to:3,operator:identity from:3,to:4,operator:identity "
"from:0,to:1,operator:identity from:1,to:2,operator:identity from:2,to:3,operator:identity from:3,to:4,operator:identity from:4,to:5,operator:identity from:5,to:6,operator:identity from:6,to:7,operator:identity from:7,to:8,operator:identity "
"from:0,to:1,operator:identity from:1,to:2,operator:identity from:2,to:3,operator:identity from:3,to:4,operator:identity from:4,to:5,operator:identity from:5,to:6,operator:identity from:6,to:7,operator:identity from:7,to:8,operator:identity "
"from:0,to:1,operator:identity from:1,to:2,operator:identity from:2,to:3,operator:identity from:3,to:4,operator:identity from:4,to:5,operator:identity from:5,to:6,operator:identity from:6,to:7,operator:identity from:7,to:8,operator:identity "
"from:0,to:1,operator:identity from:1,to:2,operator:identity from:2,to:3,operator:identity from:3,to:4,operator:identity from:4,to:5,operator:identity from:5,to:6,operator:identity from:6,to:7,operator:identity from:7,to:8,operator:identity "
"from:0,to:1,operator:identity from:1,to:2,operator:identity from:2,to:3,operator:identity from:3,to:4,operator:identity from:4,to:5,operator:identity from:5,to:6,operator:identity from:6,to:7,operator:identity from:7,to:8,operator:identity "
"from:0,to:1,operator:identity from:1,to:2,operator:identity from:2,to:3,operator:identity from:3,to:4,operator:identity from:4,to:5,operator:identity from:5,to:6,operator:identity from:6,to:7,operator:identity from:7,to:8,operator:identity "
"from:0,to:1,operator:identity from:1,to:2,operator:identity from:2,to:3,operator:identity from:3,to:4,operator:identity from:4,to:5,operator:identity from:5,to:6,operator:identity from:6,to:7,operator:identity from:7,to:8,operator:identity "
"from:0,to:1,operator:identity from:1,to:2,operator:identity from:2,to:3,operator:identity from:3,to:4,operator:identity from:4,to:5,operator:identity from:5,to:6,operator:identity from:6,to:7,operator:identity from:7,to:8,operator:identity "
"from:0,to:1,operator:identity from:1,to:2,operator:identity from:2,to:3,operator:identity from:3,to:4,operator:identity from:4,to:5,operator:identity from:5,to:6,operator:identity from:6,to:7,operator:identity from:7,to:8,operator:identity "
"from:0,to:1,operator:identity from:1,to:2,operator:identity from:2,to:3,operator:identity from:3,to:4,operator:identity from:4,to:5,operator:identity from:5,to:6,operator:identity from:6,to:7,operator:identity from:7,to:8,operator:identity "
"from:0,to:1,operator:identity from:1,to:2,operator:identity from:2,to:3,operator:identity from:3,to:4,operator:identity from:4,to:5,operator:identity from:5,to:6,operator:identity from:6,to:7,operator:identity from:7,to:8,operator:identity "
"from:0,to:1,operator:identity from:1,to:2,operator:identity from:2,to:3,operator:identity from:3,to:4,operator:identity from:4,to:5,operator:identity from:5,to:6,operator:identity from:6,to:7,operator:identity from:7,to:8,operator:identity "
"from:0,to:1,operator:identity from:1,to:2,operator:identity from:2,to:3,operator:identity from:3,to:4,operator:identity from:4,to:5,operator:identity from:5,to:6,operator:identity from:6,to:7,operator:identity from:7,to:8,operator:identity "
"from:0,to:1,operator:identity from:1,to:2,operator:identity from:2,to:3,operator:identity from:3,to:4,operator:identity from:4,to:5,operator:identity from:5,to:6,operator:identity from:6,to:7,operator:identity from:7,to:8,operator:identity "
"from:0,to:1,operator:identity from:1,to:2,operator:identity from:2,to:3,operator:identity from:3,to:4,operator:identity from:4,to:5,operator:identity from:5,to:6,operator:identity from:6,to:7,operator:identity from:7,to:8,operator:identity "
"from:0,to:1,operator:identity from:1,to:2,operator:identity from:2,to:3,operator:identity from:3,to:4,operator:identity from:4,to:5,operator:identity from:5,to:6,operator:identity from:6,to:7,operator:identity from:7,to:8,operator:identity "
"from:0,to:1,operator:identity from:1,to:2,operator:identity from:2,to:3,operator:identity from:3,to:4,operator:identity from:4,to:5,operator:identity from:5,to:6,operator:identity from:6,to:7,operator:identity from:7,to:8,operator:identity "
"from:0,to:1,operator:identity from:1,to:2,operator:identity from:2,to:3,operator:identity from:3,to:4,operator:identity from:4,to:5,operator:identity from:5,to:6,operator:identity from:6,to:7,operator:identity from:7,to:8,operator:identity "
"from:0,to:1,operator:identity from:1,to:2,operator:identity from:2,to:3,operator:identity from:3,to:4,operator:identity from:4,to:5,operator:identity from:5,to:6,operator:identity from:6,to:7,operator:identity from:7,to:8,operator:identity "
"from:0,to:1,operator:identity from:1,to:2,operator:identity from:2,to:3,operator:identity from:3,to:4,operator:identity from:4,to:5,operator:identity from:5,to:6,operator:identity from:6,to:7,operator:identity from:7,to:8,operator:identity "
"from:0,to:1,operator:identity from:1,to:2,operator:identity from:2,to:3,operator:identity from:3,to:4,operator:identity from:4,to:5,operator:identity from:5,to:6,operator:identity from:6,to:7,operator:identity from:7,to:8,operator:identity "
"from:0,to:1,operator:identity from:1,to:2,operator:identity from:2,to:3,operator:identity from:3,to:4,operator:identity from:4,to:5,operator:identity from:5,to:6,operator:identity from:6,to:7,operator:identity from:7,to:8,operator:identity "
"from:0,to:1,operator:identity from:1,to:2,operator:identity from:2,to:3,operator:identity from:3,to:4,operator:identity from:4,to:5,operator:identity from:5,to:6,operator:identity from:6,to:7,operator:identity from:7,to:8,operator:identity "
"from:0,to:1,operator:identity from:1,to:2,operator:identity from:2,to:3,operator:identity from:3,to:4,operator:identity from:4,to:5,operator:identity from:5,to:6,operator:identity from:6,to:7,operator:identity from:7,to:8,operator:identity "
"from:0,to:1,operator:identity from:1,to:2,operator:identity from:2,to:3,operator:identity from:3,to:4,operator:identity from:4,to:5,operator:identity from:5,to:6,operator:identity from:6,to:7,operator:identity from:7,to:8,operator:identity "
"from:0,to:1,operator:identity from:1,to:2,operator:identity from:2,to:3,operator:identity from:3,to:4,operator:identity from:4,to:5,operator:identity from:5,to:6,operator:identity from:6,to:7,operator:identity from:7,to:8,operator:identity "
"from:0,to:1,operator:identity from:1,to:2,operator:identity from:2,to:3,operator:identity from:3,to:4,operator:identity from:4,to:5,operator:identity from:5,to:6,operator:identity from:6,to:7,operator:identity from:7,to:8,operator:identity "
"from:0,to:1,operator:identity from:1,to:2,operator:identity from:2,to:3,operator:identity from:3,to:4,operator:identity from:4,to:5,operator:identity from:5,to:6,operator:identity from:6,to:7,operator:identity from:7,to:8,operator:identity "
"from:0,to:1,operator:identity from:1,to:2,operator:identity from:2,to:3,operator:identity from:3,to:4,operator:identity from:4,to:5,operator:identity from:5,to:6,operator:identity from:6,to:7,operator:identity from:7,to:8,operator:identity "
"from:0,to:1,operator:identity from:1,to:2,operator:identity from:2,to:3,operator:identity from:3,to:4,operator:identity from:4,to:5,operator:identity from:5,to:6,operator:identity from:6,to:7,operator:identity from:7,to:8,operator:identity "
"from:0,to:1,operator:identity from:1,to:2,operator:identity from:2,to:3,operator:identity from:3,to:4,operator:identity from:4,to:5,operator:identity from:5,to:6,operator:identity from:6,to:7,operator:identity from:7,to:8,operator:identity "
"from:0,to:1,operator:identity from:1,to:2,operator:identity from:2,to:3,operator:identity from:3,to:4,operator:identity from:4,to:5,operator:identity from:5,to:6,operator:identity from:6,to:7,operator:identity from:7,to:8,operator:identity "
"from:0,to:1,operator:identity from:1,to:2,operator:identity from:2,to:3,operator:identity from:3,to:4,operator:identity from:4,to:5,operator:identity from:5,to:6,operator:identity from:6,to:7,operator:identity from:7,to:8,operator:identity "
"from:0,to:1,operator:identity from:1,to:2,operator:identity from:2,to:3,operator:identity from:3,to:4,operator:identity from:4,to:5,operator:identity from:5,to:6,operator:identity from:6,to:7,operator:identity from:7,to:8,operator:identity "
"from:0,to:1,operator:identity from:1,to:2,operator:identity from:2,to:3,operator:identity from:3,to:4,operator:identity from:4,to:5,operator:identity from:5,to:6,operator:identity from:6,to:7,operator:identity from:7,to:8,operator:identity "
"from:0,to:1,operator:identity from:1,to:2,operator:identity from:2,to:3,operator:identity from:3,to:4,operator:identity from:4,to:5,operator:identity from:5,to:6,operator:identity from:6,to:7,operator:identity from:7,to:8,operator:identity "
"from:0,to:1,operator:identity from:1,to:2,operator:identity from:2,to:3,operator:identity from:3,to:4,operator:identity from:4,to:5,operator:identity from:5,to:6,operator:identity from:6,to:7,operator:identity from:7,to:8,operator:identity "
"from:0,to:1,operator:identity from:1,to:2,operator:identity from:2,to:3,operator:identity from:3,to:4,operator:identity from:4,to:5,operator:identity from:5,to:6,operator:identity from:6,to:7,operator:identity from:7,to:8,operator:identity "
"from:0,to:1,operator:identity from:1,to:2,operator:identity from:2,to:3,operator:identity from:3,to:4,operator:identity from:4,to:5,operator:identity from:5,to:6,operator:identity from:6,to:7,operator:identity from:7,to:8,operator:identity "
"from:0,to:1,operator:identity from:1,to:2,operator:identity from:2,to:3,operator:identity from:3,to:4,operator:identity from:4,to:5,operator:identity from:5,to:6,operator:identity from:6,to:7,operator:identity from:7,to:8,operator:identity "
"from:0,to:1,operator:identity from:1,to:2,operator:identity from:2,to:3,operator:identity from:3,to:4,operator:identity from:4,to:5,operator:identity from:5,to:6,operator:identity from:6,to:7,operator:identity from:7,to:8,operator:identity "
"from:0,to:1,operator:identity from:1,to:2,operator:identity from:2,to:3,operator:identity from:3,to:4,operator:identity from:4,to:5,operator:identity from:5,to:6,operator:identity from:6,to:7,operator:identity from:7,to:8,operator:identity "
"from:0,to:1,operator:identity from:1,to:2,operator:identity from:2,to:3,operator:identity from:3,to:4,operator:identity from:4,to:5,operator:identity from:5,to:6,operator:identity from:6,to:7,operator:identity from:7,to:8,operator:identity "
"from:0,to:1,operator:identity from:1,to:2,operator:identity from:2,to:3,operator:identity from:3,to:4,operator:identity from:4,to:5,operator:identity from:5,to:6,operator:identity from:6,to:7,operator:identity from:7,to:8,operator:identity "
"from:0,to:1,operator:identity from:1,to:2,operator:identity from:2,to:3,operator:identity from:3,to:4,operator:identity from:4,to:5,operator:identity from:5,to:6,operator:identity from:6,to:7,operator:identity from:7,to:8,operator:identity "
"from:0,to:1,operator:identity from:1,to:2,operator:identity from:2,to:3,operator:identity from:3,to:4,operator:identity from:4,to:5,operator:identity from:5,to:6,operator:identity from:6,to:7,operator:identity from:7,to:8,operator:identity "
"from:0,to:1,operator:identity from:1,to:2,operator:identity from:2,to:3,operator:identity from:3,to:4,operator:identity from:4,to:5,operator:identity from:5,to:6,operator:identity from:6,to:7,operator:identity from:7,to:8,operator:identity "
"from:0,to:1,operator:identity from:1,to:2,operator:identity from:2,to:3,operator:identity from:3,to:4,operator:identity from:4,to:5,operator:identity from:5,to:6,operator:identity from:6,to:7,operator:identity from:7,to:8,operator:identity "
"from:0,to:1,operator:identity from:1,to:2,operator:identity from:2,to:3,operator:identity from:3,to:4,operator:identity from:4,to:5,operator:identity "
"from:0,to:1,operator:identity from:1,to:2,operator:identity from:2,to:3,operator:identity from:3,to:4,operator:identity from:4,to:5,operator:identity "
"from:0,to:1,operator:identity from:1,to:2,operator:identity from:2,to:3,operator:identity from:3,to:4,operator:identity from:4,to:5,operator:identity "
"from:0,to:1,operator:identity from:1,to:2,operator:identity from:2,to:3,operator:identity from:3,to:4,operator:identity from:4,to:5,operator:identity "
"from:0,to:1,operator:identity from:1,to:2,operator:identity from:2,to:3,operator:identity from:3,to:4,operator:identity from:4,to:5,operator:identity "
"from:0,to:1,operator:identity from:1,to:2,operator:identity from:2,to:3,operator:identity from:3,to:4,operator:identity from:4,to:5,operator:identity "
"from:0,to:1,operator:identity from:1,to:2,operator:identity from:2,to:3,operator:identity from:3,to:4,operator:identity from:4,to:5,operator:identity "
"from:0,to:1,operator:identity from:1,to:2,operator:identity from:2,to:3,operator:identity from:3,to:4,operator:identity from:4,to:5,operator:identity "
"from:0,to:1,operator:identity from:1,to:2,operator:identity from:2,to:3,operator:identity from:3,to:4,operator:identity from:4,to:5,operator:identity "
"from:0,to:1,operator:identity from:1,to:2,operator:identity from:2,to:3,operator:identity from:3,to:4,operator:identity from:4,to:5,operator:identity "
"from:0,to:1,operator:identity from:1,to:2,operator:identity from:2,to:3,operator:identity from:3,to:4,operator:identity from:4,to:5,operator:identity "
"from:0,to:1,operator:identity from:1,to:2,operator:identity from:2,to:3,operator:identity from:3,to:4,operator:identity from:4,to:5,operator:identity "
"from:0,to:1,operator:identity from:1,to:2,operator:identity from:2,to:3,operator:identity from:3,to:4,operator:identity from:4,to:5,operator:identity "
"from:0,to:1,operator:identity from:1,to:2,operator:identity from:2,to:3,operator:identity from:3,to:4,operator:identity from:4,to:5,operator:identity "
"from:0,to:1,operator:identity from:1,to:2,operator:identity from:2,to:3,operator:identity from:3,to:4,operator:identity from:4,to:5,operator:identity "
"from:0,to:1,operator:identity from:1,to:2,operator:identity from:2,to:3,operator:identity from:3,to:4,operator:identity from:4,to:5,operator:identity "
"from:0,to:1,operator:identity from:1,to:2,operator:identity from:2,to:3,operator:identity from:3,to:4,operator:identity from:4,to:5,operator:identity "
"from:0,to:1,operator:identity from:1,to:2,operator:identity from:2,to:3,operator:identity from:3,to:4,operator:identity from:4,to:5,operator:identity "
"from:0,to:1,operator:identity from:1,to:2,operator:identity from:2,to:3,operator:identity from:3,to:4,operator:identity from:4,to:5,operator:identity "
"from:0,to:1,operator:identity from:1,to:2,operator:identity from:2,to:3,operator:identity from:3,to:4,operator:identity from:4,to:5,operator:identity "
"from:0,to:1,operator:identity from:1,to:2,operator:identity from:2,to:3,operator:identity from:3,to:4,operator:identity from:4,to:5,operator:identity "
"from:0,to:1,operator:identity from:1,to:2,operator:identity from:2,to:3,operator:identity from:3,to:4,operator:identity from:4,to:5,operator:identity "
"from:0,to:1,operator:identity from:1,to:2,operator:identity from:2,to:3,operator:identity from:3,to:4,operator:identity from:4,to:5,operator:identity "
"from:0,to:1,operator:identity from:1,to:2,operator:identity from:2,to:3,operator:identity from:3,to:4,operator:identity from:4,to:5,operator:identity "
"from:0,to:1,operator:identity from:1,to:2,operator:identity from:2,to:3,operator:identity from:3,to:4,operator:identity from:4,to:5,operator:identity "
"from:0,to:1,operator:identity from:1,to:2,operator:identity from:2,to:3,operator:identity from:3,to:4,operator:identity from:4,to:5,operator:identity "
"from:0,to:1,operator:identity from:1,to:2,operator:identity from:2,to:3,operator:identity from:3,to:4,operator:identity from:4,to:5,operator:identity "
"from:0,to:1,operator:identity from:1,to:2,operator:identity from:2,to:3,operator:identity from:3,to:4,operator:identity from:4,to:5,operator:identity "
"from:0,to:1,operator:identity from:1,to:2,operator:identity from:2,to:3,operator:identity from:3,to:4,operator:identity from:4,to:5,operator:identity "
"from:0,to:1,operator:identity from:1,to:2,operator:identity from:2,to:3,operator:identity from:3,to:4,operator:identity from:4,to:5,operator:identity "
"from:0,to:1,operator:identity from:1,to:2,operator:identity from:2,to:3,operator:identity from:3,to:4,operator:identity from:4,to:5,operator:identity "
"from:0,to:1,operator:identity from:1,to:2,operator:identity from:2,to:3,operator:identity from:3,to:4,operator:identity from:4,to:5,operator:identity "
"from:0,to:1,operator:identity from:1,to:2,operator:identity from:2,to:3,operator:identity from:3,to:4,operator:identity from:4,to:5,operator:identity "
"from:0,to:1,operator:identity from:1,to:2,operator:identity from:2,to:3,operator:identity from:3,to:4,operator:identity from:4,to:5,operator:identity "
"from:0,to:1,operator:identity from:1,to:2,operator:identity from:2,to:3,operator:identity from:3,to:4,operator:identity from:4,to:5,operator:identity "
"from:0,to:1,operator:identity from:1,to:2,operator:identity from:2,to:3,operator:identity from:3,to:4,operator:identity from:4,to:5,operator:identity "
"from:0,to:1,operator:identity from:1,to:2,operator:identity from:2,to:3,operator:identity from:3,to:4,operator:identity from:4,to:5,operator:identity "
"from:0,to:1,operator:identity from:1,to:2,operator:identity from:2,to:3,operator:identity from:3,to:4,operator:identity from:4,to:5,operator:identity "
"from:0,to:1,operator:identity from:1,to:2,operator:identity from:2,to:3,operator:identity from:3,to:4,operator:identity from:4,to:5,operator:identity "
"from:0,to:1,operator:identity from:1,to:2,operator:identity from:2,to:3,operator:identity from:3,to:4,operator:identity from:4,to:5,operator:identity "
"from:0,to:1,operator:identity from:1,to:2,operator:identity from:2,to:3,operator:identity from:3,to:4,operator:identity from:4,to:5,operator:identity "
"from:0,to:1,operator:identity from:1,to:2,operator:identity from:2,to:3,operator:identity from:3,to:4,operator:identity from:4,to:5,operator:identity "
"from:0,to:1,operator:identity from:1,to:2,operator:identity from:2,to:3,operator:identity from:3,to:4,operator:identity from:4,to:5,operator:identity "
"from:0,to:1,operator:identity from:1,to:2,operator:identity from:2,to:3,operator:identity from:3,to:4,operator:identity from:4,to:5,operator:identity "
"from:0,to:1,operator:identity from:1,to:2,operator:identity from:2,to:3,operator:identity from:3,to:4,operator:identity from:4,to:5,operator:identity "
"from:0,to:1,operator:identity from:1,to:2,operator:identity from:2,to:3,operator:identity from:3,to:4,operator:identity from:4,to:5,operator:identity "
"from:0,to:1,operator:identity from:1,to:2,operator:identity from:2,to:3,operator:identity from:3,to:4,operator:identity from:4,to:5,operator:identity "
"from:0,to:1,operator:identity from:1,to:2,operator:identity from:2,to:3,operator:identity from:3,to:4,operator:identity from:4,to:5,operator:identity "
"from:0,to:1,operator:identity from:1,to:2,operator:identity from:2,to:3,operator:identity from:3,to:4,operator:identity from:4,to:5,operator:identity "
"from:0,to:1,operator:identity from:1,to:2,operator:identity from:2,to:3,operator:identity from:3,to:4,operator:identity from:4,to:5,operator:identity "
"from:0,to:1,operator:identity from:1,to:2,operator:identity from:2,to:3,operator:identity from:3,to:4,operator:identity from:4,to:5,operator:identity "
"from:0,to:1,operator:identity from:1,to:2,operator:identity from:2,to:3,operator:identity from:3,to:4,operator:identity from:4,to:5,operator:identity "
"from:0,to:1,operator:identity from:1,to:2,operator:identity from:2,to:3,operator:identity from:3,to:4,operator:identity from:4,to:5,operator:identity "
"from:0,to:1,operator:identity from:1,to:2,operator:identity from:2,to:3,operator:identity from:3,to:4,operator:identity from:4,to:5,operator:identity "
"from:0,to:1,operator:identity from:1,to:2,operator:identity from:2,to:3,operator:identity from:3,to:4,operator:identity from:4,to:5,operator:identity "
"from:0,to:1,operator:identity from:1,to:2,operator:identity from:2,to:3,operator:identity from:3,to:4,operator:identity from:4,to:5,operator:identity "
"from:0,to:1,operator:identity from:1,to:2,operator:identity from:2,to:3,operator:identity from:3,to:4,operator:identity from:4,to:5,operator:identity "
"from:0,to:1,operator:identity from:1,to:2,operator:identity from:2,to:3,operator:identity from:3,to:4,operator:identity from:4,to:5,operator:identity "
"from:0,to:1,operator:identity from:1,to:2,operator:identity from:2,to:3,operator:identity from:3,to:4,operator:identity from:4,to:5,operator:identity "
"from:0,to:1,operator:identity from:1,to:2,operator:identity from:2,to:3,operator:identity from:3,to:4,operator:identity from:4,to:5,operator:identity "
"from:0,to:1,operator:identity from:1,to:2,operator:identity from:2,to:3,operator:identity from:3,to:4,operator:identity from:4,to:5,operator:identity "
"from:0,to:1,operator:identity from:1,to:2,operator:identity from:2,to:3,operator:identity from:3,to:4,operator:identity from:4,to:5,operator:identity "
"from:0,to:1,operator:identity from:1,to:2,operator:identity from:2,to:3,operator:identity from:3,to:4,operator:identity from:4,to:5,operator:identity "
"from:0,to:1,operator:identity from:1,to:2,operator:identity from:2,to:3,operator:identity from:3,to:4,operator:identity from:4,to:5,operator:identity "
"from:0,to:1,operator:identity from:1,to:2,operator:identity from:2,to:3,operator:identity from:3,to:4,operator:identity from:4,to:5,operator:identity "
"from:0,to:1,operator:identity from:1,to:2,operator:identity from:2,to:3,operator:identity from:3,to:4,operator:identity from:4,to:5,operator:identity "
"from:0,to:1,operator:identity from:1,to:2,operator:identity from:2,to:3,operator:identity from:3,to:4,operator:identity from:4,to:5,operator:identity "
"from:0,to:1,operator:identity from:1,to:2,operator:identity from:2,to:3,operator:identity from:3,to:4,operator:identity from:4,to:5,operator:identity "
"from:0,to:1,operator:identity from:1,to:2,operator:identity from:2,to:3,operator:identity from:3,to:4,operator:identity from:4,to:5,operator:identity "
"from:0,to:1,operator:identity from:1,to:2,operator:identity from:2,to:3,operator:identity from:3,to:4,operator:identity from:4,to:5,operator:identity "
"from:0,to:1,operator:identity from:1,to:2,operator:identity from:2,to:3,operator:identity from:3,to:4,operator:identity from:4,to:5,operator:identity "
"from:0,to:1,operator:identity from:1,to:2,operator:identity from:2,to:3,operator:identity from:3,to:4,operator:identity from:4,to:5,operator:identity "
"from:0,to:1,operator:identity from:1,to:2,operator:identity from:2,to:3,operator:identity from:3,to:4,operator:identity from:4,to:5,operator:identity "
"from:0,to:1,operator:identity from:1,to:2,operator:identity from:2,to:3,operator:identity from:3,to:4,operator:identity from:4,to:5,operator:identity "
"from:0,to:1,operator:identity from:1,to:2,operator:identity from:2,to:3,operator:identity from:3,to:4,operator:identity from:4,to:5,operator:identity "
"from:0,to:1,operator:identity from:1,to:2,operator:identity from:2,to:3,operator:identity from:3,to:4,operator:identity from:4,to:5,operator:identity "
"from:0,to:1,operator:identity from:1,to:2,operator:identity from:2,to:3,operator:identity from:3,to:4,operator:identity from:4,to:5,operator:identity "
"from:0,to:1,operator:identity from:1,to:2,operator:identity from:2,to:3,operator:identity from:3,to:4,operator:identity from:4,to:5,operator:identity "
"from:0,to:1,operator:identity from:1,to:2,operator:identity from:2,to:3,operator:identity from:3,to:4,operator:identity from:4,to:5,operator:identity "
"from:0,to:1,operator:identity from:1,to:2,operator:identity from:2,to:3,operator:identity from:3,to:4,operator:identity from:4,to:5,operator:identity "
"from:0,to:1,operator:identity from:1,to:2,operator:identity from:2,to:3,operator:identity from:3,to:4,operator:identity from:4,to:5,operator:identity "
"from:0,to:1,operator:identity from:1,to:2,operator:identity from:2,to:3,operator:identity from:3,to:4,operator:identity from:4,to:5,operator:identity "
"from:0,to:1,operator:identity from:1,to:2,operator:identity from:2,to:3,operator:identity from:3,to:4,operator:identity from:4,to:5,operator:identity "
"from:0,to:1,operator:identity from:1,to:2,operator:identity from:2,to:3,operator:identity from:3,to:4,operator:identity from:4,to:5,operator:identity "
"from:0,to:1,operator:identity from:1,to:2,operator:identity from:2,to:3,operator:identity from:3,to:4,operator:identity from:4,to:5,operator:identity "
"from:0,to:1,operator:identity from:1,to:2,operator:identity from:2,to:3,operator:identity from:3,to:4,operator:identity from:4,to:5,operator:identity "
"from:0,to:1,operator:identity from:1,to:2,operator:identity from:2,to:3,operator:identity from:3,to:4,operator:identity from:4,to:5,operator:identity "
"from:0,to:1,operator:identity from:1,to:2,operator:identity from:2,to:3,operator:identity from:3,to:4,operator:identity from:4,to:5,operator:identity "
"from:0,to:1,operator:identity from:1,to:2,operator:identity from:2,to:3,operator:identity from:3,to:4,operator:identity from:4,to:5,operator:identity "
"from:0,to:1,operator:identity from:1,to:2,operator:identity from:2,to:3,operator:identity from:3,to:4,operator:identity from:4,to:5,operator:identity "
"from:0,to:1,operator:identity from:1,to:2,operator:identity from:2,to:3,operator:identity from:3,to:4,operator:identity from:4,to:5,operator:identity "
"from:0,to:1,operator:identity from:1,to:2,operator:identity from:2,to:3,operator:identity from:3,to:4,operator:identity from:4,to:5,operator:identity "
"from:0,to:1,operator:identity from:1,to:2,operator:identity from:2,to:3,operator:identity from:3,to:4,operator:identity from:4,to:5,operator:identity "
"from:0,to:1,operator:identity from:1,to:2,operator:identity from:2,to:3,operator:identity from:3,to:4,operator:identity from:4,to:5,operator:identity "
"from:0,to:1,operator:identity from:1,to:2,operator:identity from:2,to:3,operator:identity from:3,to:4,operator:identity from:4,to:5,operator:identity "
"from:0,to:1,operator:identity from:1,to:2,operator:identity from:2,to:3,operator:identity from:3,to:4,operator:identity from:4,to:5,operator:identity "
"from:0,to:1,operator:identity from:1,to:2,operator:identity from:2,to:3,operator:identity from:3,to:4,operator:identity from:4,to:5,operator:identity "
"from:0,to:1,operator:identity from:1,to:2,operator:identity from:2,to:3,operator:identity from:3,to:4,operator:identity from:4,to:5,operator:identity "
"from:0,to:1,operator:identity from:1,to:2,operator:identity from:2,to:3,operator:identity from:3,to:4,operator:identity from:4,to:5,operator:identity "
"from:0,to:1,operator:identity from:1,to:2,operator:identity from:2,to:3,operator:identity from:3,to:4,operator:identity from:4,to:5,operator:identity "
"from:0,to:1,operator:identity from:1,to:2,operator:identity from:2,to:3,operator:identity from:3,to:4,operator:identity from:4,to:5,operator:identity "
"from:0,to:1,operator:identity from:1,to:2,operator:identity from:2,to:3,operator:identity from:3,to:4,operator:identity from:4,to:5,operator:identity "
"from:0,to:1,operator:identity from:1,to:2,operator:identity from:2,to:3,operator:identity from:3,to:4,operator:identity from:4,to:5,operator:identity "
"from:0,to:1,operator:identity from:1,to:2,operator:identity from:2,to:3,operator:identity from:3,to:4,operator:identity from:4,to:5,operator:identity "
"from:0,to:1,operator:identity from:1,to:2,operator:identity from:2,to:3,operator:identity from:3,to:4,operator:identity from:4,to:5,operator:identity "
"from:0,to:1,operator:identity from:1,to:2,operator:identity from:2,to:3,operator:identity from:3,to:4,operator:identity from:4,to:5,operator:identity "
"from:0,to:1,operator:identity from:1,to:2,operator:identity from:2,to:3,operator:identity from:3,to:4,operator:identity from:4,to:5,operator:identity "
"from:0,to:1,operator:identity from:1,to:2,operator:identity from:2,to:3,operator:identity from:3,to:4,operator:identity from:4,to:5,operator:identity "
"from:0,to:1,operator:identity from:1,to:2,operator:identity from:2,to:3,operator:identity from:3,to:4,operator:identity from:4,to:5,operator:identity "
"from:0,to:1,operator:identity from:1,to:2,operator:identity from:2,to:3,operator:identity from:3,to:4,operator:identity from:4,to:5,operator:identity "
"from:0,to:1,operator:identity from:1,to:2,operator:identity from:2,to:3,operator:identity from:3,to:4,operator:identity from:4,to:5,operator:identity "
"from:0,to:1,operator:identity from:1,to:2,operator:identity from:2,to:3,operator:identity from:3,to:4,operator:identity from:4,to:5,operator:identity "
"from:0,to:1,operator:identity from:1,to:2,operator:identity from:2,to:3,operator:identity from:3,to:4,operator:identity from:4,to:5,operator:identity "
"from:0,to:1,operator:identity from:1,to:2,operator:identity from:2,to:3,operator:identity from:3,to:4,operator:identity from:4,to:5,operator:identity "
"from:0,to:1,operator:identity from:1,to:2,operator:identity from:2,to:3,operator:identity from:3,to:4,operator:identity from:4,to:5,operator:identity "
"from:0,to:1,operator:identity from:1,to:2,operator:identity from:2,to:3,operator:identity from:3,to:4,operator:identity from:4,to:5,operator:identity "
"from:0,to:1,operator:identity from:1,to:2,operator:identity from:2,to:3,operator:identity from:3,to:4,operator:identity from:4,to:5,operator:identity "
"from:0,to:1,operator:identity from:1,to:2,operator:identity from:2,to:3,operator:identity from:3,to:4,operator:identity from:4,to:5,operator:identity "
"from:0,to:1,operator:identity from:1,to:2,operator:identity from:2,to:3,operator:identity from:3,to:4,operator:identity from:4,to:5,operator:identity "
"from:0,to:1,operator:identity from:1,to:2,operator:identity from:2,to:3,operator:identity from:3,to:4,operator:identity from:4,to:5,operator:identity "
"from:0,to:1,operator:identity from:1,to:2,operator:identity from:2,to:3,operator:identity from:3,to:4,operator:identity from:4,to:5,operator:identity "
"from:0,to:1,operator:identity from:1,to:2,operator:identity from:2,to:3,operator:identity from:3,to:4,operator:identity from:4,to:5,operator:identity "
"from:0,to:1,operator:identity from:1,to:2,operator:identity from:2,to:3,operator:identity from:3,to:4,operator:identity from:4,to:5,operator:identity "
"from:0,to:1,operator:identity from:1,to:2,operator:identity from:2,to:3,operator:identity from:3,to:4,operator:identity from:4,to:5,operator:identity "
"from:0,to:1,operator:identity from:1,to:2,operator:identity from:2,to:3,operator:identity from:3,to:4,operator:identity from:4,to:5,operator:identity "
"from:0,to:1,operator:identity from:1,to:2,operator:identity from:2,to:3,operator:identity from:3,to:4,operator:identity from:4,to:5,operator:identity "
"from:0,to:1,operator:identity from:1,to:2,operator:identity from:2,to:3,operator:identity from:3,to:4,operator:identity from:4,to:5,operator:identity "
"from:0,to:1,operator:identity from:1,to:2,operator:identity from:2,to:3,operator:identity from:3,to:4,operator:identity from:4,to:5,operator:identity "
"from:0,to:1,operator:identity from:1,to:2,operator:identity from:2,to:3,operator:identity from:3,to:4,operator:identity from:4,to:5,operator:identity "
"from:0,to:1,operator:identity from:1,to:2,operator:identity from:2,to:3,operator:identity from:3,to:4,operator:identity from:4,to:5,operator:identity "
"from:0,to:1,operator:identity from:1,to:2,operator:identity from:2,to:3,operator:identity from:3,to:4,operator:identity from:4,to:5,operator:identity "
"from:0,to:1,operator:identity from:1,to:2,operator:identity from:2,to:3,operator:identity from:3,to:4,operator:identity from:4,to:5,operator:identity "
"from:0,to:1,operator:identity from:1,to:2,operator:identity from:2,to:3,operator:identity from:3,to:4,operator:identity from:4,to:5,operator:identity "
"from:0,to:1,operator:identity from:1,to:2,operator:identity from:2,to:3,operator:identity from:3,to:4,operator:identity from:4,to:5,operator:identity "
"from:0,to:1,operator:identity from:1,to:2,operator:identity from:2,to:3,operator:identity from:3,to:4,operator:identity from:4,to:5,operator:identity "
"from:0,to:1,operator:identity from:1,to:2,operator:identity from:2,to:3,operator:identity from:3,to:4,operator:identity from:4,to:5,operator:identity "
"from:0,to:1,operator:identity from:1,to:2,operator:identity from:2,to:3,operator:identity from:3,to:4,operator:identity from:4,to:5,operator:identity "
"from:0,to:1,operator:identity from:1,to:2,operator:identity from:2,to:3,operator:identity from:3,to:4,operator:identity from:4,to:5,operator:identity "
"from:0,to:1,operator:identity from:1,to:2,operator:identity from:2,to:3,operator:identity from:3,to:4,operator:identity from:4,to:5,operator:identity "
"from:0,to:1,operator:identity from:1,to:2,operator:identity from:2,to:3,operator:identity from:3,to:4,operator:identity from:4,to:5,operator:identity "
"from:0,to:1,operator:identity from:1,to:2,operator:identity from:2,to:3,operator:identity from:3,to:4,operator:identity from:4,to:5,operator:identity "
"from:0,to:1,operator:identity from:1,to:2,operator:identity from:2,to:3,operator:identity from:3,to:4,operator:identity from:4,to:5,operator:identity "
"from:0,to:1,operator:identity from:1,to:2,operator:identity from:2,to:3,operator:identity from:3,to:4,operator:identity from:4,to:5,operator:identity "
"from:0,to:1,operator:identity from:1,to:2,operator:identity from:2,to:3,operator:identity from:3,to:4,operator:identity from:4,to:5,operator:identity "
"from:0,to:1,operator:identity from:1,to:2,operator:identity from:2,to:3,operator:identity from:3,to:4,operator:identity from:4,to:5,operator:identity "
"from:0,to:1,operator:identity from:1,to:2,operator:identity from:2,to:3,operator:identity from:3,to:4,operator:identity from:4,to:5,operator:identity "
"from:0,to:1,operator:identity from:1,to:2,operator:identity from:2,to:3,operator:identity from:3,to:4,operator:identity from:4,to:5,operator:identity "
"from:0,to:1,operator:identity from:1,to:2,operator:identity from:2,to:3,operator:identity from:3,to:4,operator:identity from:4,to:5,operator:identity "
"from:0,to:1,operator:identity from:1,to:2,operator:identity from:2,to:3,operator:identity from:3,to:4,operator:identity from:4,to:5,operator:identity "
"from:0,to:1,operator:identity from:1,to:2,operator:identity from:2,to:3,operator:identity from:3,to:4,operator:identity from:4,to:5,operator:identity "
"from:0,to:1,operator:identity from:1,to:2,operator:identity from:2,to:3,operator:identity from:3,to:4,operator:identity from:4,to:5,operator:identity "
"from:0,to:1,operator:identity from:1,to:2,operator:identity from:2,to:3,operator:identity from:3,to:4,operator:identity from:4,to:5,operator:identity "
"from:0,to:1,operator:identity from:1,to:2,operator:identity from:2,to:3,operator:identity from:3,to:4,operator:identity from:4,to:5,operator:identity "
"from:0,to:1,operator:identity from:1,to:2,operator:identity from:2,to:3,operator:identity from:3,to:4,operator:identity from:4,to:5,operator:identity "
"from:0,to:1,operator:identity from:1,to:2,operator:identity from:2,to:3,operator:identity from:3,to:4,operator:identity from:4,to:5,operator:identity "
"from:0,to:1,operator:identity from:1,to:2,operator:identity from:2,to:3,operator:identity from:3,to:4,operator:identity from:4,to:5,operator:identity "
"from:0,to:1,operator:identity from:1,to:2,operator:identity from:2,to:3,operator:identity from:3,to:4,operator:identity from:4,to:5,operator:identity "
"from:0,to:1,operator:identity from:1,to:2,operator:identity from:2,to:3,operator:identity from:3,to:4,operator:identity from:4,to:5,operator:identity "
"from:0,to:1,operator:identity from:1,to:2,operator:identity from:2,to:3,operator:identity from:3,to:4,operator:identity from:4,to:5,operator:identity "
"from:0,to:1,operator:identity from:1,to:2,operator:identity from:2,to:3,operator:identity from:3,to:4,operator:identity from:4,to:5,operator:identity "
"from:0,to:1,operator:identity from:1,to:2,operator:identity from:2,to:3,operator:identity from:3,to:4,operator:identity from:4,to:5,operator:identity "
"from:0,to:1,operator:identity from:1,to:2,operator:identity from:2,to:3,operator:identity from:3,to:4,operator:identity from:4,to:5,operator:identity "
"from:0,to:1,operator:identity from:1,to:2,operator:identity from:2,to:3,operator:identity from:3,to:4,operator:identity from:4,to:5,operator:identity "
"from:0,to:1,operator:identity from:1,to:2,operator:identity from:2,to:3,operator:identity from:3,to:4,operator:identity from:4,to:5,operator:identity "
"from:0,to:1,operator:identity from:1,to:2,operator:identity from:2,to:3,operator:identity from:3,to:4,operator:identity from:4,to:5,operator:identity "
"from:0,to:1,operator:identity from:1,to:2,operator:identity from:2,to:3,operator:identity from:3,to:4,operator:identity from:4,to:5,operator:identity "
"from:0,to:1,operator:identity from:1,to:2,operator:identity from:2,to:3,operator:identity from:3,to:4,operator:identity from:4,to:5,operator:identity "
"from:0,to:1,operator:identity from:1,to:2,operator:identity from:2,to:3,operator:identity from:3,to:4,operator:identity from:4,to:5,operator:identity "
"from:0,to:1,operator:identity from:1,to:2,operator:identity from:2,to:3,operator:identity from:3,to:4,operator:identity from:4,to:5,operator:identity "
"from:0,to:1,operator:identity from:1,to:2,operator:identity from:2,to:3,operator:identity from:3,to:4,operator:identity from:4,to:5,operator:identity "
"from:0,to:1,operator:identity from:1,to:2,operator:identity from:2,to:3,operator:identity from:3,to:4,operator:identity from:4,to:5,operator:identity "
"from:0,to:1,operator:identity from:1,to:2,operator:identity from:2,to:3,operator:identity from:3,to:4,operator:identity from:4,to:5,operator:identity "
"from:0,to:1,operator:identity from:1,to:2,operator:identity from:2,to:3,operator:identity from:3,to:4,operator:identity from:4,to:5,operator:identity "
"from:0,to:1,operator:identity from:1,to:2,operator:identity from:2,to:3,operator:identity from:3,to:4,operator:identity from:4,to:5,operator:identity "
"from:0,to:1,operator:identity from:1,to:2,operator:identity from:2,to:3,operator:identity from:3,to:4,operator:identity from:4,to:5,operator:identity "
"from:0,to:1,operator:identity from:1,to:2,operator:identity from:2,to:3,operator:identity from:3,to:4,operator:identity from:4,to:5,operator:identity "
"from:0,to:1,operator:identity from:1,to:2,operator:identity from:2,to:3,operator:identity from:3,to:4,operator:identity from:4,to:5,operator:identity "
"from:0,to:1,operator:identity from:1,to:2,operator:identity from:2,to:3,operator:identity from:3,to:4,operator:identity from:4,to:5,operator:identity "
"from:0,to:1,operator:identity from:1,to:2,operator:identity from:2,to:3,operator:identity from:3,to:4,operator:identity from:4,to:5,operator:identity "
"from:0,to:1,operator:identity from:1,to:2,operator:identity from:2,to:3,operator:identity from:3,to:4,operator:identity from:4,to:5,operator:identity "
"from:0,to:1,operator:identity from:1,to:2,operator:identity from:2,to:3,operator:identity from:3,to:4,operator:identity from:4,to:5,operator:identity "
"from:0,to:1,operator:identity from:1,to:2,operator:identity from:2,to:3,operator:identity from:3,to:4,operator:identity from:4,to:5,operator:identity "
"from:0,to:1,operator:identity from:1,to:2,operator:identity from:2,to:3,operator:identity from:3,to:4,operator:identity from:4,to:5,operator:identity "
"from:0,to:1,operator:identity from:1,to:2,operator:identity from:2,to:3,operator:identity from:3,to:4,operator:identity from:4,to:5,operator:identity "
"from:0,to:1,operator:identity from:1,to:2,operator:identity from:2,to:3,operator:identity from:3,to:4,operator:identity from:4,to:5,operator:identity "
"from:0,to:1,operator:identity from:1,to:2,operator:identity from:2,to:3,operator:identity from:3,to:4,operator:identity from:4,to:5,operator:identity "
"from:0,to:1,operator:identity from:1,to:2,operator:identity from:2,to:3,operator:identity from:3,to:4,operator:identity from:4,to:5,operator:identity "
"from:0,to:1,operator:identity from:1,to:2,operator:identity from:2,to:3,operator:identity from:3,to:4,operator:identity from:4,to:5,operator:identity "
"from:0,to:1,operator:identity from:1,to:2,operator:identity from:2,to:3,operator:identity from:3,to:4,operator:identity from:4,to:5,operator:identity "
"from:0,to:1,operator:identity from:1,to:2,operator:identity from:2,to:3,operator:identity from:3,to:4,operator:identity from:4,to:5,operator:identity "
"from:0,to:1,operator:identity from:1,to:2,operator:identity from:2,to:3,operator:identity from:3,to:4,operator:identity from:4,to:5,operator:identity "
"from:0,to:1,operator:identity from:1,to:2,operator:identity from:2,to:3,operator:identity from:3,to:4,operator:identity from:4,to:5,operator:identity "
"from:0,to:1,operator:identity from:1,to:2,operator:identity from:2,to:3,operator:identity from:3,to:4,operator:identity from:4,to:5,operator:identity "
"from:0,to:1,operator:identity from:1,to:2,operator:identity from:2,to:3,operator:identity from:3,to:4,operator:identity from:4,to:5,operator:identity "
"from:0,to:1,operator:identity from:1,to:2,operator:identity from:2,to:3,operator:identity from:3,to:4,operator:identity from:4,to:5,operator:identity "
"from:0,to:1,operator:identity from:1,to:2,operator:identity from:2,to:3,operator:identity from:3,to:4,operator:identity from:4,to:5,operator:identity "
"from:0,to:1,operator:identity from:1,to:2,operator:identity from:2,to:3,operator:identity from:3,to:4,operator:identity from:4,to:5,operator:identity "
"from:0,to:1,operator:identity from:1,to:2,operator:identity from:2,to:3,operator:identity from:3,to:4,operator:identity from:4,to:5,operator:identity "
"from:0,to:1,operator:identity from:1,to:2,operator:identity from:2,to:3,operator:identity from:3,to:4,operator:identity from:4,to:5,operator:identity "
"from:0,to:1,operator:identity from:1,to:2,operator:identity from:2,to:3,operator:identity from:3,to:4,operator:identity from:4,to:5,operator:identity "
"from:0,to:1,operator:identity from:1,to:2,operator:identity from:2,to:3,operator:identity from:3,to:4,operator:identity from:4,to:5,operator:identity "
"from:0,to:1,operator:identity from:1,to:2,operator:identity from:2,to:3,operator:identity from:3,to:4,operator:identity from:4,to:5,operator:identity "
"from:0,to:1,operator:identity from:1,to:2,operator:identity from:2,to:3,operator:identity from:3,to:4,operator:identity from:4,to:5,operator:identity "
"from:0,to:1,operator:identity from:1,to:2,operator:identity from:2,to:3,operator:identity from:3,to:4,operator:identity from:4,to:5,operator:identity "
"from:0,to:1,operator:identity from:1,to:2,operator:identity from:2,to:3,operator:identity from:3,to:4,operator:identity from:4,to:5,operator:identity "
"from:0,to:1,operator:identity from:1,to:2,operator:identity from:2,to:3,operator:identity from:3,to:4,operator:identity from:4,to:5,operator:identity "
"from:0,to:1,operator:identity from:1,to:2,operator:identity from:2,to:3,operator:identity from:3,to:4,operator:identity from:4,to:5,operator:identity "
"from:0,to:1,operator:identity from:1,to:2,operator:identity from:2,to:3,operator:identity from:3,to:4,operator:identity from:4,to:5,operator:identity "
"from:0,to:1,operator:identity from:1,to:2,operator:identity from:2,to:3,operator:identity from:3,to:4,operator:identity from:4,to:5,operator:identity "
"from:0,to:1,operator:identity from:1,to:2,operator:identity from:2,to:3,operator:identity from:3,to:4,operator:identity from:4,to:5,operator:identity "
"from:0,to:1,operator:identity from:1,to:2,operator:identity from:2,to:3,operator:identity from:3,to:4,operator:identity from:4,to:5,operator:identity "
"from:0,to:1,operator:identity from:1,to:2,operator:identity from:2,to:3,operator:identity from:3,to:4,operator:identity from:4,to:5,operator:identity "
"from:0,to:1,operator:identity from:1,to:2,operator:identity from:2,to:3,operator:identity from:3,to:4,operator:identity from:4,to:5,operator:identity "
"from:0,to:1,operator:identity from:1,to:2,operator:identity from:2,to:3,operator:identity from:3,to:4,operator:identity from:4,to:5,operator:identity "
"from:0,to:1,operator:identity from:1,to:2,operator:identity from:2,to:3,operator:identity from:3,to:4,operator:identity from:4,to:5,operator:identity "
"from:0,to:1,operator:identity from:1,to:2,operator:identity from:2,to:3,operator:identity from:3,to:4,operator:identity from:4,to:5,operator:identity "
"from:0,to:1,operator:identity from:1,to:2,operator:identity from:2,to:3,operator:identity from:3,to:4,operator:identity from:4,to:5,operator:identity "
"from:0,to:1,operator:identity from:1,to:2,operator:identity from:2,to:3,operator:identity from:3,to:4,operator:identity from:4,to:5,operator:identity "
"from:0,to:1,operator:identity from:1,to:2,operator:identity from:2,to:3,operator:identity from:3,to:4,operator:identity from:4,to:5,operator:identity "
"from:0,to:1,operator:identity from:1,to:2,operator:identity from:2,to:3,operator:identity from:3,to:4,operator:identity from:4,to:5,operator:identity "
"from:0,to:1,operator:identity from:1,to:2,operator:identity from:2,to:3,operator:identity from:3,to:4,operator:identity from:4,to:5,operator:identity "
"from:0,to:1,operator:identity from:1,to:2,operator:identity from:2,to:3,operator:identity from:3,to:4,operator:identity from:4,to:5,operator:identity "
"from:0,to:1,operator:identity from:1,to:2,operator:identity from:2,to:3,operator:identity from:3,to:4,operator:identity from:4,to:5,operator:identity "
"from:0,to:1,operator:identity from:1,to:2,operator:identity from:2,to:3,operator:identity from:3,to:4,operator:identity from:4,to:5,operator:identity "
"from:0,to:1,operator:identity from:1,to:2,operator:identity from:2,to:3,operator:identity from:3,to:4,operator:identity from:4,to:5,operator:identity "
"from:0,to:1,operator:identity from:1,to:2,operator:identity from:2,to:3,operator:identity from:3,to:4,operator:identity from:4,to:5,operator:identity "
"from:0,to:1,operator:identity from:1,to:2,operator:identity from:2,to:3,operator:identity from:3,to:4,operator:identity from:4,to:5,operator:identity "
"from:0,to:1,operator:identity from:1,to:2,operator:identity from:2,to:3,operator:identity from:3,to:4,operator:identity from:4,to:5,operator:identity "
"from:0,to:1,operator:identity from:1,to:2,operator:identity from:2,to:3,operator:identity from:3,to:4,operator:identity from:4,to:5,operator:identity "
"from:0,to:1,operator:identity from:1,to:2,operator:identity from:2,to:3,operator:identity from:3,to:4,operator:identity from:4,to:5,operator:identity "
"from:0,to:1,operator:identity from:1,to:2,operator:identity from:2,to:3,operator:identity from:3,to:4,operator:identity from:4,to:5,operator:identity "
"from:0,to:1,operator:identity from:1,to:2,operator:identity from:2,to:3,operator:identity from:3,to:4,operator:identity from:4,to:5,operator:identity "
"from:0,to:1,operator:identity from:1,to:2,operator:identity from:2,to:3,operator:identity from:3,to:4,operator:identity from:4,to:5,operator:identity "
